Match ID,Radiant pick,Dire pick,Radiant Win,Score,Last hits,radiant win %,dire win %
5216127502,"['jakiro', 'juggernaut', 'viper', 'snapfire', 'skywrath_mage']","['slark', 'windrunner', 'mirana', 'venomancer', 'pudge']",0,-8,99,0.489,0.511
5216127505,"['invoker', 'centaur', 'rubick', 'jakiro', 'riki']","['phantom_assassin', 'ember_spirit', 'sand_king', 'earthshaker', 'pudge']",0,-26,-159,0.5308,0.4692
5216127506,"['phantom_assassin', 'faceless_void', 'batrider', 'puck', 'dragon_knight']","['lion', 'silencer', 'pudge', 'slark', 'windrunner']",0,-4,165,0.5168,0.48339999999999994
5216127507,"['huskar', 'skeleton_king', 'sniper', 'tiny', 'oracle']","['bloodseeker', 'legion_commander', 'templar_assassin', 'mirana', 'viper']",0,-7,-244,0.4821999999999999,0.5178
5216127608,"['furion', 'bloodseeker', 'drow_ranger', 'dazzle', 'doom_bringer']","['pangolier', 'ogre_magi', 'phoenix', 'arc_warden', 'skeleton_king']",1,26,290,0.5367999999999999,0.4630000000000001
5216127619,"['nevermore', 'riki', 'phantom_lancer', 'pudge', 'lion']","['windrunner', 'antimage', 'leshrac', 'undying', 'rubick']",1,17,109,0.49160000000000004,0.5082
5216127712,"['lion', 'bristleback', 'spectre', 'invoker', 'mirana']","['sand_king', 'pudge', 'viper', 'juggernaut', 'rubick']",1,2,46,0.45599999999999996,0.5438
5216127715,"['life_stealer', 'treant', 'huskar', 'storm_spirit', 'oracle']","['windrunner', 'mirana', 'disruptor', 'troll_warlord', 'juggernaut']",0,-16,-161,0.5394,0.46040000000000003
5216127812,"['phantom_lancer', 'axe', 'windrunner', 'snapfire', 'slardar']","['monkey_king', 'magnataur', 'obsidian_destroyer', 'dazzle', 'shadow_shaman']",1,28,70,0.4822,0.5178
5216127814,"['chaos_knight', 'witch_doctor', 'slardar', 'doom_bringer', 'drow_ranger']","['pudge', 'huskar', 'invoker', 'slark', 'silencer']",1,5,95,0.5052,0.4948
5216127815,"['invoker', 'razor', 'lion', 'treant', 'phantom_assassin']","['crystal_maiden', 'rattletrap', 'antimage', 'death_prophet', 'sniper']",1,7,4,0.4958,0.5042
5216127816,"['legion_commander', 'ancient_apparition', 'terrorblade', 'slark', 'jakiro']","['pudge', 'enigma', 'shredder', 'huskar', 'storm_spirit']",1,3,80,0.4852,0.5148
5216127903,"['pudge', 'skywrath_mage', 'monkey_king', 'axe', 'lion']","['abaddon', 'tiny', 'templar_assassin', 'juggernaut', 'legion_commander']",0,-29,-125,0.4732,0.527
5216127907,"['grimstroke', 'crystal_maiden', 'phantom_assassin', 'axe', 'sniper']","['pudge', 'phantom_lancer', 'void_spirit', 'queenofpain', 'zuus']",1,21,413,0.4758,0.5244
5216127912,"['techies', 'clinkz', 'puck', 'lion', 'night_stalker']","['invoker', 'tinker', 'antimage', 'sniper', 'dark_seer']",1,43,96,0.5382,0.4622
5216128001,"['disruptor', 'rubick', 'huskar', 'phantom_assassin', 'windrunner']","['nevermore', 'lich', 'puck', 'legion_commander', 'viper']",1,16,62,0.48660000000000003,0.5132
5216128002,"['invoker', 'slark', 'puck', 'sand_king', 'legion_commander']","['leshrac', 'templar_assassin', 'tiny', 'life_stealer', 'axe']",0,-32,-212,0.485,0.5152
5216128003,"['disruptor', 'juggernaut', 'doom_bringer', 'witch_doctor', 'lina']","['rubick', 'venomancer', 'winter_wyvern', 'slark', 'centaur']",1,7,99,0.4826,0.5176000000000001
5216128015,"['puck', 'rubick', 'necrolyte', 'clinkz', 'ogre_magi']","['zuus', 'ember_spirit', 'tidehunter', 'razor', 'disruptor']",0,-39,-234,0.47939999999999994,0.5208
5216128110,"['crystal_maiden', 'snapfire', 'tiny', 'puck', 'gyrocopter']","['riki', 'queenofpain', 'earth_spirit', 'rubick', 'juggernaut']",0,-15,-53,0.5138,0.48599999999999993
5216128115,"['sniper', 'templar_assassin', 'ogre_magi', 'morphling', 'lone_druid']","['kunkka', 'snapfire', 'shadow_shaman', 'faceless_void', 'earthshaker']",0,-18,48,0.5002,0.49960000000000004
5216128117,"['rubick', 'magnataur', 'phantom_assassin', 'crystal_maiden', 'mirana']","['juggernaut', 'pudge', 'axe', 'invoker', 'lion']",0,-10,26,0.5334000000000001,0.4666
5216128200,"['drow_ranger', 'obsidian_destroyer', 'earthshaker', 'necrolyte', 'elder_titan']","['sniper', 'jakiro', 'windrunner', 'abaddon', 'meepo']",1,21,-244,0.489,0.5109999999999999
5216128202,"['shadow_demon', 'phantom_assassin', 'enchantress', 'obsidian_destroyer', 'night_stalker']","['dragon_knight', 'drow_ranger', 'axe', 'skywrath_mage', 'winter_wyvern']",1,20,240,0.5391999999999999,0.4612
5216128203,"['phantom_assassin', 'dark_willow', 'life_stealer', 'pudge', 'sniper']","['troll_warlord', 'silencer', 'axe', 'meepo', 'lion']",0,-8,-218,0.5008,0.4992
5216128204,"['lone_druid', 'phantom_assassin', 'pangolier', 'lich', 'phoenix']","['doom_bringer', 'ogre_magi', 'treant', 'lina', 'terrorblade']",1,22,-3,0.5112,0.48860000000000003
5216128206,"['zuus', 'crystal_maiden', 'rubick', 'axe', 'naga_siren']","['spirit_breaker', 'grimstroke', 'leshrac', 'monkey_king', 'windrunner']",0,-25,59,0.5072000000000001,0.4928
5216128217,"['earthshaker', 'phantom_assassin', 'pudge', 'mirana', 'queenofpain']","['treant', 'spirit_breaker', 'lich', 'juggernaut', 'windrunner']",0,-27,-289,0.518,0.4822
5216128301,"['slark', 'invoker', 'witch_doctor', 'bounty_hunter', 'chaos_knight']","['clinkz', 'dazzle', 'alchemist', 'sniper', 'earthshaker']",1,29,98,0.5176000000000001,0.4828
5216128305,"['axe', 'pudge', 'legion_commander', 'bloodseeker', 'ember_spirit']","['windrunner', 'wisp', 'nyx_assassin', 'silencer', 'life_stealer']",0,-11,-79,0.5152,0.48460000000000003
5216128306,"['rattletrap', 'sniper', 'earthshaker', 'skeleton_king', 'medusa']","['pangolier', 'crystal_maiden', 'tidehunter', 'tusk', 'antimage']",1,6,-518,0.466,0.534
5216128319,"['tinker', 'slark', 'winter_wyvern', 'abaddon', 'wisp']","['enchantress', 'lich', 'puck', 'phantom_lancer', 'legion_commander']",0,-17,-115,0.48740000000000006,0.5126000000000001
5216128401,"['huskar', 'tiny', 'silencer', 'troll_warlord', 'disruptor']","['templar_assassin', 'juggernaut', 'pudge', 'windrunner', 'dark_willow']",1,7,-29,0.49399999999999994,0.506
5216128402,"['slark', 'legion_commander', 'tinker', 'ancient_apparition', 'disruptor']","['templar_assassin', 'windrunner', 'life_stealer', 'spirit_breaker', 'winter_wyvern']",0,-22,-102,0.4835999999999999,0.5166000000000001
5216128405,"['riki', 'abyssal_underlord', 'nyx_assassin', 'lina', 'bloodseeker']","['wisp', 'invoker', 'snapfire', 'faceless_void', 'silencer']",1,21,196,0.4928,0.5072
5216128416,"['magnataur', 'faceless_void', 'storm_spirit', 'snapfire', 'venomancer']","['slark', 'enigma', 'pudge', 'invoker', 'furion']",1,16,96,0.5286000000000002,0.47139999999999993
5216128418,"['life_stealer', 'razor', 'alchemist', 'venomancer', 'bounty_hunter']","['medusa', 'disruptor', 'viper', 'bristleback', 'shredder']",1,36,212,0.5398,0.46020000000000005
5216128419,"['queenofpain', 'earthshaker', 'ursa', 'pudge', 'zuus']","['life_stealer', 'tiny', 'skeleton_king', 'kunkka', 'invoker']",1,10,-26,0.4795999999999999,0.5204000000000001
5216128501,"['phantom_assassin', 'tusk', 'antimage', 'winter_wyvern', 'legion_commander']","['wisp', 'slark', 'skeleton_king', 'life_stealer', 'death_prophet']",1,4,143,0.49400000000000005,0.5062
5216128514,"['antimage', 'kunkka', 'lone_druid', 'snapfire', 'ogre_magi']","['shadow_shaman', 'shredder', 'faceless_void', 'pudge', 'invoker']",0,-1,-8,0.5198,0.48040000000000005
5216128518,"['treant', 'nevermore', 'rattletrap', 'phantom_lancer', 'witch_doctor']","['skeleton_king', 'sniper', 'phantom_assassin', 'storm_spirit', 'skywrath_mage']",0,-16,-235,0.527,0.47300000000000003
5216128606,"['bloodseeker', 'drow_ranger', 'ogre_magi', 'slardar', 'pudge']","['silencer', 'rubick', 'faceless_void', 'lion', 'pangolier']",1,8,158,0.5498000000000001,0.4506
5216128607,"['shadow_shaman', 'pudge', 'bounty_hunter', 'storm_spirit', 'antimage']","['venomancer', 'death_prophet', 'crystal_maiden', 'ogre_magi', 'juggernaut']",1,21,162,0.471,0.5289999999999999
5216128608,"['pudge', 'antimage', 'windrunner', 'ogre_magi', 'tiny']","['enigma', 'dark_willow', 'queenofpain', 'faceless_void', 'doom_bringer']",1,8,263,0.45099999999999996,0.5486
5216128609,"['treant', 'phoenix', 'faceless_void', 'nevermore', 'lion']","['nyx_assassin', 'razor', 'slark', 'earthshaker', 'crystal_maiden']",0,-15,12,0.48640000000000005,0.514
5216128711,"['antimage', 'nyx_assassin', 'juggernaut', 'alchemist', 'gyrocopter']","['rubick', 'slark', 'phantom_assassin', 'ogre_magi', 'phantom_lancer']",1,6,-56,0.5128,0.48739999999999994
5216128712,"['skywrath_mage', 'tidehunter', 'lycan', 'disruptor', 'phantom_assassin']","['legion_commander', 'ogre_magi', 'invoker', 'rattletrap', 'skeleton_king']",0,-10,-209,0.5394,0.46040000000000003
5216128806,"['furion', 'naga_siren', 'faceless_void', 'viper', 'earthshaker']","['morphling', 'ogre_magi', 'kunkka', 'drow_ranger', 'invoker']",0,-17,-213,0.48339999999999994,0.5166000000000001
5216128818,"['monkey_king', 'pugna', 'night_stalker', 'lion', 'brewmaster']","['earthshaker', 'rubick', 'obsidian_destroyer', 'faceless_void', 'legion_commander']",1,15,-295,0.49119999999999997,0.5084
5216128905,"['lina', 'juggernaut', 'kunkka', 'ogre_magi', 'rubick']","['rattletrap', 'lion', 'windrunner', 'pudge', 'ember_spirit']",1,2,6,0.5147999999999999,0.4854
5216128913,"['earthshaker', 'zuus', 'doom_bringer', 'phantom_lancer', 'rubick']","['pudge', 'faceless_void', 'bloodseeker', 'obsidian_destroyer', 'dark_willow']",0,-29,-255,0.5012000000000001,0.49879999999999997
5216128916,"['lone_druid', 'enchantress', 'lich', 'faceless_void', 'huskar']","['life_stealer', 'nevermore', 'tiny', 'vengefulspirit', 'techies']",0,-13,-451,0.5489999999999999,0.4508
5216128917,"['ember_spirit', 'slardar', 'rubick', 'magnataur', 'monkey_king']","['sniper', 'pudge', 'furion', 'bristleback', 'weaver']",1,9,82,0.5668,0.433
5216129001,"['mirana', 'bristleback', 'bloodseeker', 'enigma', 'silencer']","['ogre_magi', 'huskar', 'monkey_king', 'razor', 'furion']",0,-1,10,0.5246000000000001,0.47519999999999996
5216129014,"['gyrocopter', 'rubick', 'lina', 'medusa', 'legion_commander']","['phantom_assassin', 'abaddon', 'kunkka', 'silencer', 'tiny']",0,-30,-23,0.506,0.49379999999999996
5216129109,"['legion_commander', 'nevermore', 'pangolier', 'spirit_breaker', 'lion']","['faceless_void', 'snapfire', 'witch_doctor', 'tiny', 'phantom_assassin']",0,-21,-140,0.48119999999999996,0.5186
5216129218,"['ogre_magi', 'invoker', 'sniper', 'windrunner', 'batrider']","['crystal_maiden', 'lion', 'bristleback', 'juggernaut', 'puck']",1,11,-39,0.5032,0.4968
5216129302,"['huskar', 'storm_spirit', 'pangolier', 'phantom_assassin', 'troll_warlord']","['pudge', 'ursa', 'rubick', 'windrunner', 'weaver']",1,14,318,0.5102,0.48979999999999996
5216129316,"['nyx_assassin', 'zuus', 'witch_doctor', 'doom_bringer', 'slark']","['faceless_void', 'tiny', 'ogre_magi', 'winter_wyvern', 'sniper']",1,13,-191,0.5109999999999999,0.4888
5216129318,"['mirana', 'shredder', 'huskar', 'windrunner', 'ancient_apparition']","['treant', 'tidehunter', 'drow_ranger', 'medusa', 'pudge']",1,26,65,0.4716,0.5282
5216129408,"['windrunner', 'ogre_magi', 'rattletrap', 'medusa', 'mirana']","['lion', 'queenofpain', 'slark', 'zuus', 'pudge']",1,13,116,0.518,0.48179999999999995
5216129409,"['troll_warlord', 'magnataur', 'disruptor', 'undying', 'riki']","['necrolyte', 'huskar', 'jakiro', 'grimstroke', 'pudge']",0,-14,-37,0.4958,0.5044000000000001
5216129415,"['witch_doctor', 'sniper', 'viper', 'kunkka', 'legion_commander']","['monkey_king', 'necrolyte', 'invoker', 'techies', 'ogre_magi']",0,-25,-310,0.45920000000000005,0.5404
5216129416,"['windrunner', 'juggernaut', 'furion', 'pudge', 'invoker']","['skeleton_king', 'winter_wyvern', 'troll_warlord', 'ogre_magi', 'medusa']",0,-6,-113,0.5112,0.4888
5216129419,"['windrunner', 'pudge', 'drow_ranger', 'silencer', 'lycan']","['snapfire', 'nevermore', 'phantom_assassin', 'ancient_apparition', 'bounty_hunter']",0,-15,-131,0.5172000000000001,0.48279999999999995
5216129502,"['tiny', 'lich', 'rattletrap', 'invoker', 'slark']","['nyx_assassin', 'ogre_magi', 'shredder', 'razor', 'obsidian_destroyer']",1,10,115,0.47520000000000007,0.5247999999999999
5216129511,"['oracle', 'void_spirit', 'lina', 'skeleton_king', 'tiny']","['slark', 'rattletrap', 'disruptor', 'juggernaut', 'invoker']",1,4,-106,0.4986,0.5014000000000001
5216129516,"['viper', 'lion', 'life_stealer', 'winter_wyvern', 'axe']","['dazzle', 'grimstroke', 'phantom_assassin', 'techies', 'pudge']",0,-11,-42,0.4968,0.5035999999999999
5216129517,"['phantom_assassin', 'dark_seer', 'lina', 'shredder', 'obsidian_destroyer']","['sniper', 'disruptor', 'nevermore', 'vengefulspirit', 'mars']",0,-26,-80,0.49559999999999993,0.5045999999999999
5216129518,"['nevermore', 'lina', 'mirana', 'life_stealer', 'tidehunter']","['nyx_assassin', 'pudge', 'storm_spirit', 'silencer', 'alchemist']",1,21,104,0.5189999999999999,0.48100000000000004
5216129604,"['bloodseeker', 'tiny', 'techies', 'templar_assassin', 'monkey_king']","['antimage', 'death_prophet', 'meepo', 'pudge', 'treant']",0,28,49,0.4798,0.5202
5216129700,"['crystal_maiden', 'ancient_apparition', 'lina', 'sand_king', 'bloodseeker']","['ogre_magi', 'kunkka', 'faceless_void', 'necrolyte', 'spirit_breaker']",0,-24,-312,0.4986,0.5014000000000001
5216129712,"['venomancer', 'zuus', 'juggernaut', 'lion', 'ogre_magi']","['phantom_assassin', 'templar_assassin', 'razor', 'pugna', 'treant']",0,-8,-272,0.4546,0.5452
5216129808,"['shadow_shaman', 'juggernaut', 'slark', 'witch_doctor', 'gyrocopter']","['snapfire', 'alchemist', 'phantom_assassin', 'weaver', 'skywrath_mage']",1,23,-23,0.489,0.5112
5216129809,"['dark_willow', 'alchemist', 'lion', 'mars', 'snapfire']","['skywrath_mage', 'magnataur', 'earthshaker', 'juggernaut', 'venomancer']",0,-11,-397,0.48360000000000003,0.5164
5216129811,"['bristleback', 'phantom_assassin', 'queenofpain', 'pudge', 'rubick']","['legion_commander', 'magnataur', 'winter_wyvern', 'juggernaut', 'nevermore']",0,11,-331,0.4746,0.5252000000000001
5216129812,"['obsidian_destroyer', 'brewmaster', 'rattletrap', 'lich', 'riki']","['phantom_lancer', 'rubick', 'skywrath_mage', 'snapfire', 'magnataur']",0,-16,-106,0.4908,0.5092000000000001
5216129905,"['spectre', 'witch_doctor', 'skywrath_mage', 'earthshaker', 'tiny']","['zuus', 'slardar', 'juggernaut', 'lion', 'magnataur']",0,-16,-489,0.47759999999999997,0.5227999999999999
5216130011,"['mars', 'grimstroke', 'phantom_lancer', 'nevermore', 'lion']","['faceless_void', 'invoker', 'drow_ranger', 'pudge', 'viper']",0,-17,-165,0.5025999999999999,0.49720000000000003
5216130118,"['dark_willow', 'nevermore', 'riki', 'centaur', 'snapfire']","['tusk', 'void_spirit', 'silencer', 'wisp', 'pudge']",1,8,234,0.5096,0.4904
5216130207,"['lina', 'sniper', 'life_stealer', 'rubick', 'slark']","['crystal_maiden', 'morphling', 'enigma', 'huskar', 'void_spirit']",1,43,297,0.4572,0.5428000000000001
5216130219,"['storm_spirit', 'abaddon', 'ursa', 'shadow_shaman', 'tiny']","['tidehunter', 'venomancer', 'juggernaut', 'lina', 'winter_wyvern']",0,-12,249,0.487,0.513
5216130303,"['crystal_maiden', 'windrunner', 'skeleton_king', 'monkey_king', 'jakiro']","['rubick', 'antimage', 'zuus', 'snapfire', 'bristleback']",0,-25,-244,0.49000000000000005,0.5098
5216130305,"['sniper', 'ogre_magi', 'phantom_assassin', 'lion', 'pudge']","['morphling', 'spectre', 'snapfire', 'bloodseeker', 'crystal_maiden']",0,-39,-330,0.4488,0.5513999999999999
5216130319,"['troll_warlord', 'silencer', 'obsidian_destroyer', 'slark', 'lion']","['luna', 'zuus', 'bristleback', 'tidehunter', 'windrunner']",1,10,322,0.5016,0.4984
5216130400,"['earthshaker', 'abyssal_underlord', 'obsidian_destroyer', 'lion', 'slark']","['night_stalker', 'life_stealer', 'crystal_maiden', 'storm_spirit', 'dark_seer']",1,2,98,0.4732,0.5266000000000001
5216130506,"['lich', 'axe', 'faceless_void', 'zuus', 'pudge']","['antimage', 'phantom_lancer', 'earthshaker', 'witch_doctor', 'invoker']",0,19,-442,0.4888,0.5112
5216130508,"['monkey_king', 'skywrath_mage', 'dragon_knight', 'disruptor', 'lich']","['invoker', 'drow_ranger', 'vengefulspirit', 'snapfire', 'furion']",1,28,-67,0.49219999999999997,0.5078
5216130510,"['weaver', 'gyrocopter', 'jakiro', 'skywrath_mage', 'ember_spirit']","['earthshaker', 'nevermore', 'shadow_shaman', 'spirit_breaker', 'phantom_lancer']",1,15,133,0.49440000000000006,0.5056
5216130600,"['earthshaker', 'juggernaut', 'lich', 'morphling', 'meepo']","['enigma', 'alchemist', 'slark', 'rubick', 'zuus']",0,-4,234,0.48480000000000006,0.5151999999999999
5216130602,"['medusa', 'venomancer', 'morphling', 'ursa', 'witch_doctor']","['juggernaut', 'lion', 'chaos_knight', 'lina', 'phoenix']",0,-17,-113,0.499,0.501
5216130603,"['snapfire', 'riki', 'warlock', 'mars', 'abyssal_underlord']","['treant', 'slark', 'invoker', 'legion_commander', 'jakiro']",0,-25,-318,0.5058,0.49399999999999994
5216130606,"['winter_wyvern', 'faceless_void', 'lion', 'slardar', 'puck']","['tusk', 'pudge', 'templar_assassin', 'crystal_maiden', 'life_stealer']",1,23,103,0.4936,0.5068
5216130619,"['juggernaut', 'storm_spirit', 'tusk', 'crystal_maiden', 'skywrath_mage']","['vengefulspirit', 'ogre_magi', 'brewmaster', 'drow_ranger', 'pangolier']",1,20,355,0.49219999999999997,0.5074
5216130702,"['magnataur', 'juggernaut', 'monkey_king', 'crystal_maiden', 'lion']","['invoker', 'antimage', 'winter_wyvern', 'bloodseeker', 'silencer']",0,4,-335,0.4992,0.5008
5216130806,"['void_spirit', 'slark', 'windrunner', 'tiny', 'rubick']","['gyrocopter', 'mars', 'dazzle', 'phantom_lancer', 'dark_willow']",1,29,265,0.4805999999999999,0.5192000000000001
5216130807,"['dragon_knight', 'enigma', 'slark', 'lion', 'invoker']","['beastmaster', 'riki', 'dark_seer', 'furion', 'drow_ranger']",1,29,176,0.4546,0.5456
5216130810,"['rubick', 'life_stealer', 'obsidian_destroyer', 'lion', 'abyssal_underlord']","['ursa', 'slark', 'pudge', 'venomancer', 'razor']",0,-18,-60,0.458,0.5416
5216130910,"['phantom_assassin', 'pudge', 'nevermore', 'abaddon', 'lina']","['monkey_king', 'obsidian_destroyer', 'disruptor', 'terrorblade', 'crystal_maiden']",1,14,144,0.48360000000000003,0.5166000000000001
5216131000,"['ursa', 'invoker', 'grimstroke', 'silencer', 'razor']","['axe', 'shadow_demon', 'dark_willow', 'slark', 'juggernaut']",0,-38,-534,0.48360000000000003,0.5164
5216131001,"['winter_wyvern', 'lina', 'legion_commander', 'sven', 'centaur']","['earthshaker', 'necrolyte', 'rubick', 'slark', 'monkey_king']",1,6,10,0.4798,0.5202000000000001
5216131002,"['juggernaut', 'lich', 'bounty_hunter', 'clinkz', 'kunkka']","['ogre_magi', 'viper', 'crystal_maiden', 'slark', 'rattletrap']",0,1,3,0.4856,0.5144
5216131011,"['clinkz', 'slark', 'lina', 'rubick', 'abyssal_underlord']","['jakiro', 'antimage', 'lion', 'nyx_assassin', 'windrunner']",0,-15,-323,0.5566000000000001,0.44320000000000004
5216131018,"['viper', 'sand_king', 'pudge', 'rubick', 'leshrac']","['naga_siren', 'skeleton_king', 'slardar', 'jakiro', 'tinker']",1,19,207,0.5134,0.4866
5216131019,"['jakiro', 'terrorblade', 'earth_spirit', 'axe', 'nevermore']","['dazzle', 'pudge', 'magnataur', 'shredder', 'life_stealer']",1,2,-106,0.4706,0.5294000000000001
5216131100,"['snapfire', 'doom_bringer', 'rubick', 'pudge', 'faceless_void']","['lion', 'necrolyte', 'undying', 'lone_druid', 'sven']",0,1,-3,0.5172000000000001,0.4828
5216131102,"['mirana', 'venomancer', 'ogre_magi', 'drow_ranger', 'tinker']","['slark', 'sniper', 'treant', 'mars', 'lion']",0,-10,-1,0.5154,0.4848
5216131104,"['nevermore', 'slark', 'tusk', 'abyssal_underlord', 'crystal_maiden']","['rubick', 'magnataur', 'lion', 'puck', 'alchemist']",1,9,-127,0.5226,0.47759999999999997
5216131105,"['invoker', 'lion', 'night_stalker', 'legion_commander', 'faceless_void']","['puck', 'jakiro', 'centaur', 'antimage', 'storm_spirit']",0,-3,-242,0.4734,0.5266
5216131204,"['sven', 'skywrath_mage', 'sniper', 'skeleton_king', 'tinker']","['treant', 'ogre_magi', 'chaos_knight', 'faceless_void', 'pudge']",0,-11,-177,0.4633999999999999,0.5364
5216131205,"['zuus', 'disruptor', 'legion_commander', 'pudge', 'antimage']","['skeleton_king', 'abaddon', 'shadow_shaman', 'lion', 'nevermore']",0,-16,-146,0.5256000000000001,0.4742
5216131207,"['pangolier', 'monkey_king', 'lich', 'pudge', 'shadow_shaman']","['clinkz', 'puck', 'abaddon', 'snapfire', 'tiny']",1,20,56,0.46320000000000006,0.5370000000000001
5216131218,"['monkey_king', 'rubick', 'tiny', 'legion_commander', 'arc_warden']","['puck', 'invoker', 'faceless_void', 'pudge', 'shadow_demon']",1,5,275,0.5136,0.48640000000000005
5216131314,"['phantom_assassin', 'mirana', 'necrolyte', 'lich', 'bane']","['omniknight', 'slark', 'doom_bringer', 'pudge', 'spectre']",1,29,22,0.506,0.49379999999999996
5216131316,"['pudge', 'legion_commander', 'troll_warlord', 'spectre', 'lion']","['juggernaut', 'bounty_hunter', 'treant', 'life_stealer', 'sniper']",1,19,68,0.47140000000000004,0.5288
5216131318,"['windrunner', 'legion_commander', 'silencer', 'lion', 'drow_ranger']","['morphling', 'disruptor', 'wisp', 'abyssal_underlord', 'dragon_knight']",0,-6,-97,0.458,0.542
5216131415,"['pangolier', 'enigma', 'life_stealer', 'shadow_shaman', 'tiny']","['nevermore', 'puck', 'rattletrap', 'slark', 'monkey_king']",1,19,68,0.5002000000000001,0.49960000000000004
5216131416,"['slark', 'queenofpain', 'snapfire', 'abaddon', 'necrolyte']","['windrunner', 'spirit_breaker', 'dragon_knight', 'huskar', 'bristleback']",1,10,34,0.5342,0.46580000000000005
5216131501,"['faceless_void', 'puck', 'dragon_knight', 'tiny', 'phoenix']","['clinkz', 'magnataur', 'lich', 'skywrath_mage', 'ember_spirit']",1,16,104,0.49539999999999995,0.5045999999999999
5216131502,"['slark', 'legion_commander', 'wisp', 'pudge', 'invoker']","['treant', 'nevermore', 'medusa', 'rattletrap', 'techies']",0,-23,-164,0.4746,0.5256000000000001
5216131503,"['pudge', 'mirana', 'phantom_assassin', 'magnataur', 'tinker']","['zuus', 'monkey_king', 'bristleback', 'riki', 'keeper_of_the_light']",0,1,211,0.5326,0.4673999999999999
5216131618,"['earthshaker', 'morphling', 'crystal_maiden', 'abyssal_underlord', 'phantom_lancer']","['phantom_assassin', 'ancient_apparition', 'earth_spirit', 'dragon_knight', 'invoker']",1,21,78,0.5054000000000001,0.4946
5216131700,"['earthshaker', 'skywrath_mage', 'naga_siren', 'legion_commander', 'zuus']","['templar_assassin', 'shadow_demon', 'mirana', 'invoker', 'windrunner']",0,-15,43,0.4702,0.5298
5216131702,"['kunkka', 'zuus', 'slark', 'witch_doctor', 'centaur']","['drow_ranger', 'lion', 'dragon_knight', 'rattletrap', 'dark_willow']",1,12,266,0.512,0.488
5216131705,"['mars', 'drow_ranger', 'jakiro', 'morphling', 'shadow_demon']","['crystal_maiden', 'witch_doctor', 'rattletrap', 'zuus', 'lone_druid']",1,8,239,0.48600000000000004,0.514
5216131706,"['sniper', 'pudge', 'slark', 'disruptor', 'skeleton_king']","['zuus', 'abyssal_underlord', 'lion', 'legion_commander', 'ember_spirit']",1,9,81,0.5314,0.4686
5216131707,"['tinker', 'riki', 'invoker', 'drow_ranger', 'disruptor']","['slark', 'ursa', 'ogre_magi', 'skywrath_mage', 'lion']",0,-30,29,0.5032,0.4968
5216131805,"['legion_commander', 'queenofpain', 'techies', 'slark', 'omniknight']","['phantom_assassin', 'ogre_magi', 'weaver', 'disruptor', 'earthshaker']",0,-7,254,0.5186,0.4934
5216131807,"['shredder', 'disruptor', 'pangolier', 'treant', 'arc_warden']","['night_stalker', 'lone_druid', 'meepo', 'ogre_magi', 'vengefulspirit']",0,-13,-154,0.45439999999999997,0.5458000000000001
5216131809,"['razor', 'rubick', 'vengefulspirit', 'pudge', 'puck']","['winter_wyvern', 'arc_warden', 'sand_king', 'lina', 'juggernaut']",1,12,38,0.49720000000000003,0.5027999999999999
5216131903,"['keeper_of_the_light', 'pudge', 'naga_siren', 'kunkka', 'disruptor']","['sniper', 'silencer', 'tiny', 'lion', 'storm_spirit']",1,0,45,0.541,0.4588
5216131909,"['lich', 'lone_druid', 'bristleback', 'legion_commander', 'enigma']","['axe', 'juggernaut', 'faceless_void', 'lion', 'shadow_shaman']",1,32,147,0.5438000000000001,0.45620000000000005
5216131916,"['necrolyte', 'slardar', 'dark_willow', 'windrunner', 'rubick']","['pangolier', 'ancient_apparition', 'juggernaut', 'skeleton_king', 'lina']",0,-13,-347,0.5204000000000001,0.4798
5216132114,"['lich', 'monkey_king', 'bloodseeker', 'slark', 'nyx_assassin']","['crystal_maiden', 'rubick', 'morphling', 'shredder', 'faceless_void']",1,12,-65,0.4918,0.5082
5216132115,"['morphling', 'shredder', 'mirana', 'techies', 'nevermore']","['slardar', 'tinker', 'bounty_hunter', 'pudge', 'viper']",0,-13,48,0.5032,0.505
5216132201,"['dazzle', 'lich', 'sniper', 'chaos_knight', 'pangolier']","['rubick', 'riki', 'bane', 'death_prophet', 'viper']",1,1,-219,0.4744,0.5254000000000001
5216132202,"['sven', 'pudge', 'viper', 'vengefulspirit', 'earthshaker']","['phantom_lancer', 'slark', 'jakiro', 'snapfire', 'lina']",1,15,-53,0.4668,0.533
5216132204,"['invoker', 'storm_spirit', 'legion_commander', 'morphling', 'earthshaker']","['faceless_void', 'silencer', 'drow_ranger', 'tinker', 'nyx_assassin']",1,13,-32,0.495,0.5052
5216132216,"['earthshaker', 'storm_spirit', 'monkey_king', 'pudge', 'wisp']","['silencer', 'phantom_lancer', 'invoker', 'batrider', 'crystal_maiden']",1,3,3,0.4968,0.5029999999999999
5216132217,"['zuus', 'necrolyte', 'slardar', 'antimage', 'grimstroke']","['pudge', 'pangolier', 'lion', 'abyssal_underlord', 'slark']",1,12,-261,0.5218,0.4782
5216132218,"['phantom_assassin', 'huskar', 'furion', 'disruptor', 'windrunner']","['bloodseeker', 'sniper', 'pudge', 'legion_commander', 'luna']",0,-8,-241,0.5082000000000001,0.4918
5216132219,"['ember_spirit', 'life_stealer', 'rubick', 'dark_willow', 'slark']","['windrunner', 'ogre_magi', 'abyssal_underlord', 'antimage', 'warlock']",0,-29,-268,0.5382,0.46180000000000004
5216132301,"['elder_titan', 'crystal_maiden', 'zuus', 'invoker', 'legion_commander']","['slardar', 'keeper_of_the_light', 'slark', 'faceless_void', 'windrunner']",1,17,9,0.5064,0.49339999999999995
5216132302,"['disruptor', 'clinkz', 'earthshaker', 'bounty_hunter', 'pudge']","['riki', 'rubick', 'lina', 'omniknight', 'tiny']",0,-25,-172,0.4532,0.5466
5216132315,"['meepo', 'night_stalker', 'axe', 'ogre_magi', 'bounty_hunter']","['puck', 'drow_ranger', 'mirana', 'dark_willow', 'earthshaker']",1,-10,-54,0.5156000000000001,0.48440000000000005
5216132317,"['ogre_magi', 'keeper_of_the_light', 'huskar', 'spectre', 'shredder']","['witch_doctor', 'pudge', 'phantom_lancer', 'skeleton_king', 'skywrath_mage']",0,-3,293,0.5156,0.48460000000000003
5216132319,"['juggernaut', 'legion_commander', 'lich', 'oracle', 'void_spirit']","['slardar', 'puck', 'rubick', 'phantom_lancer', 'treant']",1,20,-32,0.47519999999999996,0.5248000000000002
5216132400,"['luna', 'crystal_maiden', 'queenofpain', 'zuus', 'slardar']","['meepo', 'riki', 'rubick', 'juggernaut', 'earth_spirit']",1,7,63,0.4896000000000001,0.5102
5216132401,"['witch_doctor', 'spirit_breaker', 'legion_commander', 'magnataur', 'nevermore']","['lion', 'furion', 'dragon_knight', 'slark', 'pudge']",1,26,327,0.5096,0.49000000000000005
5216132414,"['zuus', 'earthshaker', 'ogre_magi', 'pangolier', 'phantom_assassin']","['spectre', 'silencer', 'storm_spirit', 'treant', 'skeleton_king']",0,-30,-236,0.4854,0.5146000000000001
5216132418,"['nyx_assassin', 'venomancer', 'riki', 'zuus', 'ember_spirit']","['pudge', 'faceless_void', 'pangolier', 'silencer', 'nevermore']",1,25,156,0.5288,0.47140000000000004
5216132503,"['enchantress', 'bristleback', 'rubick', 'slark', 'mirana']","['naga_siren', 'clinkz', 'jakiro', 'mars', 'windrunner']",1,4,-155,0.5186,0.4814
5216132515,"['zuus', 'nevermore', 'legion_commander', 'drow_ranger', 'disruptor']","['phantom_assassin', 'ember_spirit', 'silencer', 'ogre_magi', 'axe']",1,16,79,0.5166000000000001,0.48319999999999996
5216132519,"['nyx_assassin', 'skeleton_king', 'rattletrap', 'monkey_king', 'silencer']","['wisp', 'antimage', 'death_prophet', 'shredder', 'shadow_shaman']",0,0,-265,0.5064,0.4936
5216132600,"['queenofpain', 'earthshaker', 'lion', 'razor', 'life_stealer']","['leshrac', 'nyx_assassin', 'juggernaut', 'puck', 'disruptor']",1,14,122,0.49280000000000007,0.5072
5216132605,"['slark', 'ember_spirit', 'earthshaker', 'lich', 'night_stalker']","['skeleton_king', 'abaddon', 'phantom_lancer', 'viper', 'windrunner']",1,2,-321,0.51,0.49000000000000005
5216132608,"['crystal_maiden', 'shadow_demon', 'ursa', 'mirana', 'juggernaut']","['treant', 'invoker', 'life_stealer', 'axe', 'rubick']",0,-8,-107,0.5069999999999999,0.4932
5216132703,"['life_stealer', 'antimage', 'lion', 'sniper', 'pudge']","['doom_bringer', 'slark', 'kunkka', 'phantom_assassin', 'wisp']",0,-1,-58,0.484,0.5158
5216132705,"['shadow_demon', 'gyrocopter', 'snapfire', 'ursa', 'pugna']","['disruptor', 'faceless_void', 'clinkz', 'winter_wyvern', 'naga_siren']",1,17,53,0.5074,0.49260000000000004
5216132707,"['nevermore', 'alchemist', 'crystal_maiden', 'tiny', 'windrunner']","['mirana', 'phantom_assassin', 'night_stalker', 'pudge', 'invoker']",0,-15,95,0.49460000000000004,0.5056
5216132716,"['lich', 'axe', 'slark', 'razor', 'vengefulspirit']","['earthshaker', 'sniper', 'void_spirit', 'life_stealer', 'pudge']",0,-20,-228,0.51,0.48980000000000007
5216132803,"['slardar', 'grimstroke', 'rubick', 'chaos_knight', 'ember_spirit']","['skeleton_king', 'crystal_maiden', 'pudge', 'keeper_of_the_light', 'phantom_lancer']",1,16,257,0.4704,0.5296000000000001
5216132812,"['pangolier', 'rubick', 'invoker', 'phantom_lancer', 'shadow_shaman']","['lion', 'magnataur', 'pudge', 'monkey_king', 'sven']",0,-26,-261,0.5054000000000001,0.4946
5216132813,"['nevermore', 'lion', 'faceless_void', 'doom_bringer', 'monkey_king']","['phoenix', 'life_stealer', 'void_spirit', 'pudge', 'windrunner']",0,-18,164,0.5006,0.49960000000000004
5216132814,"['crystal_maiden', 'skywrath_mage', 'undying', 'mirana', 'antimage']","['monkey_king', 'rubick', 'phantom_assassin', 'sand_king', 'witch_doctor']",0,-12,-231,0.5226,0.47759999999999997
5216132815,"['earthshaker', 'storm_spirit', 'venomancer', 'juggernaut', 'bounty_hunter']","['shadow_shaman', 'invoker', 'slark', 'lina', 'chaos_knight']",0,-16,-364,0.49160000000000004,0.5082
5216132816,"['magnataur', 'riki', 'ancient_apparition', 'abyssal_underlord', 'faceless_void']","['mars', 'undying', 'zuus', 'juggernaut', 'dazzle']",1,15,355,0.5294000000000001,0.4704
5216132817,"['warlock', 'bloodseeker', 'chaos_knight', 'medusa', 'windrunner']","['bounty_hunter', 'terrorblade', 'necrolyte', 'treant', 'enigma']",0,-14,-106,0.414,0.5860000000000001
5216132818,"['pugna', 'monkey_king', 'lion', 'ogre_magi', 'spirit_breaker']","['windrunner', 'invoker', 'lina', 'dazzle', 'sven']",1,21,22,0.4864,0.5138
5216132900,"['pugna', 'juggernaut', 'tinker', 'rubick', 'razor']","['antimage', 'pudge', 'axe', 'dark_willow', 'snapfire']",0,-47,-439,0.5202,0.4798
5216133203,"['faceless_void', 'medusa', 'tinker', 'techies', 'bounty_hunter']","['magnataur', 'antimage', 'earthshaker', 'slark', 'lycan']",1,31,222,0.4852,0.5146
5216133205,"['bristleback', 'pudge', 'alchemist', 'vengefulspirit', 'gyrocopter']","['phantom_assassin', 'keeper_of_the_light', 'ogre_magi', 'legion_commander', 'zuus']",1,13,251,0.49239999999999995,0.5075999999999999
5216133216,"['huskar', 'gyrocopter', 'rattletrap', 'wisp', 'silencer']","['dark_willow', 'puck', 'phantom_lancer', 'winter_wyvern', 'ember_spirit']",0,-31,-128,0.5168,0.48340000000000005
5216133217,"['wisp', 'gyrocopter', 'puck', 'ancient_apparition', 'pugna']","['invoker', 'pudge', 'enigma', 'disruptor', 'phantom_assassin']",1,23,72,0.5018,0.49820000000000003
5216133218,"['slark', 'magnataur', 'lion', 'lich', 'mars']","['nevermore', 'mirana', 'zuus', 'drow_ranger', 'juggernaut']",1,26,104,0.4862,0.514
5216133219,"['dark_seer', 'drow_ranger', 'templar_assassin', 'mirana', 'rattletrap']","['zuus', 'centaur', 'crystal_maiden', 'phantom_assassin', 'witch_doctor']",0,-28,-140,0.5456000000000001,0.45439999999999997
5216133300,"['dazzle', 'rubick', 'spectre', 'tusk', 'windrunner']","['abyssal_underlord', 'silencer', 'pudge', 'warlock', 'phantom_assassin']",0,6,113,0.5104,0.4894
5216133312,"['ursa', 'dark_willow', 'windrunner', 'viper', 'shadow_demon']","['lion', 'faceless_void', 'legion_commander', 'nevermore', 'rubick']",0,5,-548,0.4878,0.5122
5216133316,"['faceless_void', 'invoker', 'venomancer', 'axe', 'phantom_lancer']","['spectre', 'zuus', 'snapfire', 'chaos_knight', 'crystal_maiden']",0,-29,-130,0.5452,0.4546
5216133405,"['legion_commander', 'enchantress', 'bloodseeker', 'viper', 'lion']","['lich', 'sniper', 'crystal_maiden', 'invoker', 'juggernaut']",1,-9,-155,0.49779999999999996,0.5022
5216133415,"['skeleton_king', 'night_stalker', 'shadow_demon', 'earthshaker', 'undying']","['venomancer', 'lion', 'razor', 'ogre_magi', 'phantom_lancer']",0,-27,-138,0.49239999999999995,0.5076
5216133500,"['lich', 'pudge', 'troll_warlord', 'doom_bringer', 'furion']","['lion', 'mirana', 'axe', 'invoker', 'legion_commander']",0,-22,41,0.522,0.4784
5216133605,"['ogre_magi', 'mirana', 'winter_wyvern', 'morphling', 'drow_ranger']","['centaur', 'windrunner', 'life_stealer', 'disruptor', 'shadow_demon']",1,15,105,0.5069999999999999,0.4932
5216133609,"['ursa', 'silencer', 'zuus', 'mirana', 'magnataur']","['earthshaker', 'kunkka', 'crystal_maiden', 'treant', 'life_stealer']",0,-34,-130,0.5092000000000001,0.49079999999999996
5216133610,"['pudge', 'invoker', 'nevermore', 'juggernaut', 'tiny']","['bloodseeker', 'necrolyte', 'silencer', 'treant', 'dark_willow']",0,-10,-148,0.47620000000000007,0.5238
5216133700,"['riki', 'void_spirit', 'slardar', 'lion', 'undying']","['tusk', 'jakiro', 'vengefulspirit', 'pangolier', 'drow_ranger']",0,-8,-198,0.513,0.48719999999999997
5216133701,"['furion', 'juggernaut', 'legion_commander', 'nevermore', 'nyx_assassin']","['spectre', 'pudge', 'necrolyte', 'rubick', 'puck']",0,-29,6,0.5002,0.5
5216133702,"['spectre', 'tiny', 'viper', 'snapfire', 'phoenix']","['silencer', 'mirana', 'windrunner', 'lina', 'life_stealer']",0,-12,-152,0.5158,0.4842000000000001
5216133710,"['drow_ranger', 'abyssal_underlord', 'sniper', 'invoker', 'faceless_void']","['disruptor', 'treant', 'life_stealer', 'pudge', 'phantom_assassin']",0,-15,-73,0.4806,0.5194
5216133711,"['crystal_maiden', 'earthshaker', 'tinker', 'phantom_lancer', 'chaos_knight']","['sniper', 'rubick', 'lion', 'pudge', 'bristleback']",0,-36,-77,0.5234,0.4766
5216133712,"['enigma', 'pudge', 'lion', 'monkey_king', 'lone_druid']","['alchemist', 'tinker', 'ogre_magi', 'crystal_maiden', 'doom_bringer']",0,3,12,0.5075999999999999,0.49239999999999995
5216133714,"['skeleton_king', 'crystal_maiden', 'faceless_void', 'lion', 'centaur']","['mars', 'jakiro', 'spirit_breaker', 'queenofpain', 'life_stealer']",1,19,-188,0.49779999999999996,0.5024
5216133716,"['pudge', 'invoker', 'legion_commander', 'lion', 'shredder']","['dazzle', 'alchemist', 'bounty_hunter', 'bristleback', 'centaur']",1,20,92,0.4816,0.5184
5216133718,"['slark', 'invoker', 'void_spirit', 'pangolier', 'jakiro']","['ogre_magi', 'lion', 'abyssal_underlord', 'drow_ranger', 'templar_assassin']",1,31,100,0.521,0.47919999999999996
5216133805,"['obsidian_destroyer', 'skeleton_king', 'pudge', 'kunkka', 'rubick']","['juggernaut', 'tidehunter', 'alchemist', 'shredder', 'disruptor']",1,14,-84,0.48579999999999995,0.5142
5216133806,"['abyssal_underlord', 'wisp', 'nevermore', 'gyrocopter', 'pudge']","['ursa', 'undying', 'omniknight', 'shredder', 'ancient_apparition']",0,-24,29,0.47640000000000005,0.5234
5216133808,"['rattletrap', 'meepo', 'void_spirit', 'warlock', 'pudge']","['pangolier', 'windrunner', 'lion', 'antimage', 'ogre_magi']",0,-3,-87,0.5276,0.47240000000000004
5216133809,"['rubick', 'troll_warlord', 'lion', 'kunkka', 'doom_bringer']","['puck', 'warlock', 'skeleton_king', 'morphling', 'bristleback']",1,10,74,0.5104,0.4892
5216133812,"['juggernaut', 'skywrath_mage', 'windrunner', 'mirana', 'lich']","['faceless_void', 'razor', 'bounty_hunter', 'troll_warlord', 'witch_doctor']",0,-19,-347,0.4854,0.5148
5216133903,"['meepo', 'dark_willow', 'juggernaut', 'nyx_assassin', 'huskar']","['mirana', 'ogre_magi', 'lion', 'windrunner', 'phantom_assassin']",1,9,171,0.5862,0.4142
